{
  "XGBoost": {
    "colsample_bytree": 0.6727299868828402,
    "learning_rate": 0.044846856872152424,
    "max_depth": 6,
    "min_child_weight": 6,
    "n_estimators": 452,
    "reg_alpha": 0.8638900372842315,
    "reg_lambda": 0.8736874205941257,
    "subsample": 0.8447411578889518
  },
  "LightGBM": {
    "colsample_bytree": 0.9915571433100037,
    "learning_rate": 0.10248100906229647,
    "max_depth": 5,
    "min_child_samples": 31,
    "n_estimators": 425,
    "num_leaves": 40,
    "reg_alpha": 1.0052741862103842,
    "reg_lambda": 1.7307116538790774,
    "subsample": 0.7970070775275455
  },
  "LogisticRegression": {
    "C": 0.028888383623653185,
    "max_iter": 2000,
    "penalty": "l1"
  },
  "RandomForest": {
    "max_depth": 20,
    "max_features": 0.5,
    "min_samples_leaf": 8,
    "min_samples_split": 15,
    "n_estimators": 314
  }
}